Characteristic,"No, N = 902,161,0871","Yes, N = 227,610,2971",p-value2
svy_year,,,0.003
    2003,"147,838,418 (20%, 0.01),3,621(18%)","30,063,411 (15%, 0.02),736(13%)",
    2005,"143,695,208 (19%, 0.01),3,135(15%)","34,749,168 (17%, 0.02),806(15%)",
    2007,"73,472,553 (9.7%, 0.01),2,171(11%)","19,418,788 (9.6%, 0.01),623(11%)",
    2009,"71,461,315 (9.5%, 0.01),2,191(11%)","22,215,510 (11%, 0.01),684(12%)",
    2011,"78,013,873 (10%, 0.01),2,028(9.8%)","23,678,142 (12%, 0.01),558(10%)",
    2013,"74,430,407 (9.9%, 0.01),1,980(9.6%)","25,542,084 (13%, 0.01),642(12%)",
    2015,"83,819,062 (11%, 0.01),2,166(11%)","23,600,797 (12%, 0.01),578(10%)",
    2017,"81,605,897 (11%, 0.00),3,334(16%)","24,037,911 (12%, 0.01),894(16%)",
"Age category, years",,,<0.001
    18 to 44,"234,493,408 (26%, 0.01),5,506(22%)","23,644,581 (10%, 0.01),505(8.2%)",
    45 to 64,"391,780,731 (43%, 0.01),9,334(38%)","111,736,143 (49%, 0.01),2,643(43%)",
    65 to 74,"147,678,091 (16%, 0.00),4,795(20%)","58,511,102 (26%, 0.01),1,747(28%)",
    75+,"128,208,856 (14%, 0.00),4,914(20%)","33,718,471 (15%, 0.01),1,242(20%)",
Race/ethnicity,,,<0.001
    Non-Hispanic White,"658,514,655 (73%, 0.01),12,086(49%)","177,511,602 (78%, 0.01),3,300(54%)",
    Non-Hispanic Black,"104,499,398 (12%, 0.01),5,747(23%)","24,750,964 (11%, 0.01),1,442(23%)",
    Non-Hispanic Asian,"16,152,344 (1.8%, 0.00),998(4.1%)","3,029,753 (1.3%, 0.00),202(3.3%)",
    Hispanic,"85,308,903 (9.5%, 0.01),4,826(20%)","14,895,202 (6.5%, 0.01),1,003(16%)",
    Other,"37,685,787 (4.2%, 0.00),892(3.6%)","7,422,776 (3.3%, 0.00),190(3.1%)",
demo_race_black,"104,499,398 (12%, 0.01),5,747(23%)","24,750,964 (11%, 0.01),1,442(23%)",0.13
Age at Screening Adjudicated - Recode,"55(16, 0), 55 (44, 68)","61(12, 0), 61 (53, 70)",<0.001
Pregnant,"1,809,421 (0.2%, 0.00),94(0.4%)","370,648 (0.2%, 0.00),15(0.2%)",0.6
Gender,,,<0.001
    Men,"457,726,256 (51%, 0.01),12,707(52%)","100,956,786 (44%, 0.01),2,865(47%)",
    Women,"444,434,831 (49%, 0.01),11,842(48%)","126,653,511 (56%, 0.01),3,272(53%)",
"Systolic blood pressure (SBP), mm Hg","140(17, 0), 137 (130, 147)","116(10, 0), 117 (110, 123)",<0.001
"Diastolic blood pressure (DBP), mm Hg","78(12, 0), 81 (71, 85)","66(10, 0), 67 (60, 73)",<0.001
Blood pressure category,,,<0.001
    SBP <120 and DBP <80 mm Hg,"0 (0%, 0.00),0(0%)","134,817,701 (59%, 0.01),3,493(57%)",
    SBP of 120 to <130 and DBP <80 mm Hg,"0 (0%, 0.00),0(0%)","90,665,344 (40%, 0.01),2,602(42%)",
    SBP of 130 to <140 or DBP 80 to <90 mm Hg,"483,695,676 (54%, 0.01),11,988(49%)","2,127,253 (0.9%, 0.00),42(0.7%)",
    SBP of 140 to <160 or DBP 90 to <100 mm Hg,"305,648,145 (34%, 0.01),8,690(35%)","0 (0%, 0.00),0(0%)",
    SBP 160+ or DBP 100+ mm Hg,"112,817,266 (13%, 0.00),3,871(16%)","0 (0%, 0.00),0(0%)",
Blood pressure category including antihypertensive medication use as a group,,,
    SBP <120 and DBP <80 mm Hg,"0 (0%, 0.00),0(0%)","0 (0%, 0.00),0(0%)",
    SBP of 120 to <130 and DBP < 80 mm Hg,"0 (0%, 0.00),0(0%)","0 (0%, 0.00),0(0%)",
    SBP of 130 to <140 or DBP 80 to <90 mm Hg,"352,615,518 (39%, 0.01),8,265(34%)","1,765,010 (0.8%, 0.00),33(0.5%)",
    SBP of 140 to <160 or DBP 90 to <100 mm Hg,"177,494,560 (20%, 0.01),4,710(19%)","0 (0%, 0.00),0(0%)",
    SBP 160+ or DBP 100+ mm Hg,"52,926,598 (5.9%, 0.00),1,795(7.3%)","0 (0%, 0.00),0(0%)",
    taking antihypertensive medications,"319,124,411 (35%, 0.01),9,779(40%)","225,845,288 (99%, 0.00),6,104(99%)",
Blood pressure control (SBP < 140 mm Hg and DBP < 90 mm Hg),"483,695,676 (54%, 0.01),11,988(49%)","227,610,297 (100%, 0.00),6,137(100%)",<0.001
Blood pressure control (SBP < 130 mm Hg and DBP < 80 mm Hg),"0 (0%, 0.00),0(0%)","225,483,045 (99%, 0.00),6,095(99%)",<0.001
Self-reported antihypertensive medication use,"319,124,411 (35%, 0.01),9,779(40%)","225,845,288 (99%, 0.00),6,104(99%)",<0.001
Antihypertensive medication use recommended by the JNC7 guideline,"599,863,478 (66%, 0.01),17,795(72%)","225,845,288 (99%, 0.00),6,104(99%)",<0.001
Antihypertensive medication use recommended by the 2017 ACC/AHA BP guideline,"651,514,501 (72%, 0.01),19,283(79%)","225,845,288 (99%, 0.00),6,104(99%)",<0.001
Number of antihypertensive medication classes,,,<0.001
    None,"541,342,107 (60%, 0.01),13,386(55%)","7,320,059 (3.2%, 0.00),183(3.0%)",
    One,"152,674,873 (17%, 0.00),4,504(18%)","79,773,273 (35%, 0.01),2,077(34%)",
    Two,"117,785,697 (13%, 0.00),3,682(15%)","86,906,166 (38%, 0.01),2,231(37%)",
    Three,"58,546,887 (6.5%, 0.00),1,914(7.9%)","37,641,735 (17%, 0.01),1,125(18%)",
    Four or more,"26,822,008 (3.0%, 0.00),886(3.6%)","14,867,384 (6.6%, 0.01),479(7.9%)",
Number of antihypertensive medication pills,,,<0.001
    None,"541,342,107 (60%, 0.01),13,386(55%)","7,320,059 (3.2%, 0.00),183(3.0%)",
    One,"190,161,556 (21%, 0.01),5,559(23%)","111,710,320 (49%, 0.02),2,806(46%)",
    Two,"104,770,761 (12%, 0.00),3,368(14%)","70,985,715 (31%, 0.01),1,950(32%)",
    Three,"44,453,494 (5.0%, 0.00),1,446(5.9%)","28,508,643 (13%, 0.01),856(14%)",
    Four or more,"16,443,654 (1.8%, 0.00),613(2.5%)","7,983,881 (3.5%, 0.00),300(4.9%)",
Combination therapy,"76,007,387 (8.5%, 0.00),2,195(9.0%)","56,304,664 (25%, 0.01),1,408(23%)",<0.001
Taking two or more antihypertensive medication pills,"165,667,909 (18%, 0.00),5,427(22%)","107,478,238 (47%, 0.02),3,106(51%)",<0.001
ACE inhibitors,"134,797,710 (15%, 0.00),4,220(17%)","103,747,600 (46%, 0.02),2,777(46%)",<0.001
Aldosterone antagonists,"6,271,966 (0.7%, 0.00),196(0.8%)","6,858,181 (3.0%, 0.00),197(3.2%)",<0.001
Alpha-1 blockers,"12,975,070 (1.4%, 0.00),481(2.0%)","7,116,739 (3.1%, 0.00),253(4.2%)",<0.001
Angiotensin receptor blockers,"85,288,367 (9.5%, 0.00),2,615(11%)","52,710,830 (23%, 0.01),1,382(23%)",<0.001
Beta blockers,"138,409,163 (15%, 0.00),4,181(17%)","82,602,559 (36%, 0.01),2,214(36%)",<0.001
Central alpha1 agonist and other centrally acting agents,"10,971,942 (1.2%, 0.00),377(1.5%)","2,678,301 (1.2%, 0.00),99(1.6%)",0.8
Calcium channel blockers,"106,930,902 (12%, 0.00),3,674(15%)","53,460,101 (24%, 0.01),1,721(28%)",<0.001
Dihydropyridine calcium channel blockers,"76,246,122 (8.5%, 0.00),2,763(11%)","43,533,490 (19%, 0.01),1,402(23%)",<0.001
Non-dihydropyridine calcium channel blockers,"31,216,127 (3.5%, 0.00),928(3.8%)","10,119,398 (4.5%, 0.00),324(5.3%)",0.054
Potassium sparing diuretics,"21,902,028 (2.4%, 0.00),639(2.6%)","11,499,654 (5.1%, 0.01),317(5.2%)",<0.001
Loop diuretics,"34,626,622 (3.9%, 0.00),1,189(4.9%)","20,162,310 (8.9%, 0.01),651(11%)",<0.001
Thiazide or thiazide-type diuretics,"120,633,395 (13%, 0.00),3,590(15%)","86,315,816 (38%, 0.01),2,264(37%)",<0.001
Direct renin inhibitors,"351,451 (<0.1%, 0.00),15(<0.1%)","154,286 (<0.1%, 0.00),7(0.1%)",0.2
Direct vasodilators,"4,274,489 (0.5%, 0.00),213(0.9%)","1,567,119 (0.7%, 0.00),58(1.0%)",0.079
Hypertension defined by the JNC7 guideline,"549,545,569 (61%, 0.01),16,284(66%)","225,845,288 (99%, 0.00),6,104(99%)",<0.001
Hypertension defined by the 2017 ACC/AHA BP guideline,"902,161,087 (100%, 0.00),24,549(100%)","227,610,297 (100%, 0.00),6,137(100%)",
Awareness of hypertension,"443,295,299 (49%, 0.01),12,923(53%)","226,083,031 (99%, 0.00),6,110(100%)",<0.001
Apparent resistant hypertension defined by the JNC7 guideline,"69,865,028 (7.7%, 0.00),2,308(9.4%)","14,867,384 (6.5%, 0.01),479(7.8%)",0.14
Apparent resistant hypertension defined by the 2017 ACC/AHA BP guideline,"81,727,730 (9.1%, 0.00),2,635(11%)","14,867,384 (6.5%, 0.01),479(7.8%)",0.005
"Apparent resistant hypertension defined by the 2017 ACC/AHA BP guideline, requires thiazide diuretic","42,217,880 (4.7%, 0.00),1,320(5.4%)","10,937,404 (4.8%, 0.01),326(5.3%)",0.9
"Apparent resistant hypertension defined by the JNC7 guideline, requires thiazide diuretic","50,284,414 (5.6%, 0.00),1,554(6.3%)","10,937,404 (4.8%, 0.01),326(5.3%)",0.3
Smoking status,,,0.004
    Never,"459,432,372 (51%, 0.01),12,513(52%)","107,535,404 (47%, 0.02),2,941(48%)",
    Former,"281,545,949 (31%, 0.01),7,532(31%)","82,579,399 (36%, 0.02),2,188(36%)",
    Current,"155,874,545 (17%, 0.00),4,207(17%)","37,407,264 (16%, 0.01),1,003(16%)",
"Body mass index, kg/m2",,,<0.001
    <25,"216,878,606 (25%, 0.01),5,991(25%)","32,715,024 (15%, 0.01),914(15%)",
    25 to <30,"301,218,567 (34%, 0.01),8,158(34%)","69,024,269 (31%, 0.01),1,950(33%)",
    30 to <35,"199,393,791 (23%, 0.01),5,306(22%)","60,902,580 (27%, 0.01),1,600(27%)",
    35+,"166,172,217 (19%, 0.01),4,434(19%)","59,775,231 (27%, 0.01),1,508(25%)",
Prevalent diabetes,"119,885,001 (13%, 0.00),4,357(18%)","57,120,515 (25%, 0.01),1,824(30%)",<0.001
Prevalent chronic kidney disease,"179,958,960 (20%, 0.01),6,299(26%)","51,923,582 (23%, 0.01),1,753(29%)",0.002
History of myocardial infarction,"41,355,731 (4.6%, 0.00),1,411(5.8%)","21,852,910 (9.6%, 0.01),690(11%)",<0.001
History of coronary heart disease,"64,717,218 (7.2%, 0.00),2,165(9.0%)","32,911,435 (14%, 0.01),1,014(17%)",<0.001
History of ASCVD,"92,446,263 (10%, 0.00),3,129(13%)","43,327,186 (19%, 0.01),1,386(23%)",<0.001
History of heart failure,"29,444,426 (3.3%, 0.00),1,065(4.4%)","16,891,527 (7.5%, 0.01),568(9.3%)",<0.001
History of CVD,"103,415,691 (11%, 0.00),3,531(14%)","48,869,188 (21%, 0.01),1,575(26%)",<0.001
DSDCOUNT.x,"1.50(2.39, 0.04), 1.00 (0.00, 2.00)","1.92(4.07, 0.13), 1.00 (0.00, 3.00)",<0.001
DSDANCNT,,,0.066
    0,"386,395,666 (83%, 0.00),12,067(87%)","112,367,766 (81%, 0.01),3,367(85%)",
    1,"74,198,033 (16%, 0.00),1,737(13%)","25,619,724 (18%, 0.01),596(15%)",
    2,"2,054,804 (0.4%, 0.00),58(0.4%)","505,741 (0.4%, 0.00),16(0.4%)",
    3,"22,533 (<0.1%, 0.00),1(<0.1%)","0 (0%, 0.00),0(0%)",
    77,"53,070 (<0.1%, 0.00),4(<0.1%)","0 (0%, 0.00),0(0%)",
    99,"79,002 (<0.1%, 0.00),3(<0.1%)","0 (0%, 0.00),0(0%)",
DSD010.x,,,<0.001
    1,"259,656,762 (56%, 0.01),7,326(53%)","92,838,394 (67%, 0.01),2,547(64%)",
    2,"203,068,811 (44%, 0.01),6,538(47%)","45,409,182 (33%, 0.01),1,429(36%)",
    7,"71,158 (<0.1%, 0.00),5(<0.1%)","178,315 (0.1%, 0.00),2(<0.1%)",
    9,"6,378 (<0.1%, 0.00),1(<0.1%)","67,340 (<0.1%, 0.00),1(<0.1%)",
DSD010AN,,,0.042
    1,"76,275,369 (16%, 0.00),1,796(13%)","26,125,465 (19%, 0.01),612(15%)",
    2,"386,395,666 (83%, 0.00),12,067(87%)","112,367,766 (81%, 0.01),3,367(85%)",
    7,"53,070 (<0.1%, 0.00),4(<0.1%)","0 (0%, 0.00),0(0%)",
    9,"79,002 (<0.1%, 0.00),3(<0.1%)","0 (0%, 0.00),0(0%)",
DR1DRSTZ,,,0.11
    1,"437,484,840 (95%, 0.00),12,954(93%)","132,344,541 (96%, 0.00),3,746(94%)",
    2,"2,394,868 (0.5%, 0.00),109(0.8%)","514,792 (0.4%, 0.00),28(0.7%)",
    5,"22,923,400 (5.0%, 0.00),807(5.8%)","5,633,899 (4.1%, 0.00),205(5.2%)",
DR1EXMER,"45(23, 1), 42 (25, 61)","45(24, 1), 42 (23, 61)",0.7
DRDINT.x,,,<0.001
    1,"53,698,230 (12%, 0.01),1,722(13%)","9,492,565 (7.2%, 0.01),315(8.4%)",
    2,"383,786,611 (88%, 0.01),11,232(87%)","122,851,975 (93%, 0.01),3,431(92%)",
DR1DAY,,,0.007
    1,"84,316,201 (19%, 0.01),2,441(19%)","23,676,425 (18%, 0.01),624(17%)",
    2,"39,841,633 (9.1%, 0.00),1,126(8.6%)","9,670,484 (7.3%, 0.01),299(7.9%)",
    3,"45,389,793 (10%, 0.00),1,348(10%)","15,757,369 (12%, 0.01),476(13%)",
    4,"42,925,771 (9.8%, 0.00),1,231(9.4%)","12,226,089 (9.2%, 0.01),343(9.1%)",
    5,"49,006,996 (11%, 0.01),1,545(12%)","17,710,497 (13%, 0.01),567(15%)",
    6,"97,300,091 (22%, 0.01),2,933(22%)","28,045,860 (21%, 0.01),815(22%)",
    7,"81,099,223 (18%, 0.01),2,439(19%)","25,772,609 (19%, 0.01),650(17%)",
DR1LANG,,,<0.001
    1,"409,316,305 (93%, 0.01),11,293(86%)","127,798,467 (96%, 0.00),3,424(91%)",
    2,"24,431,092 (5.5%, 0.00),1,437(11%)","4,152,117 (3.1%, 0.00),293(7.7%)",
    3,"2,313,567 (0.5%, 0.00),129(1.0%)","451,842 (0.3%, 0.00),24(0.6%)",
    4,"2,193,402 (0.5%, 0.00),95(0.7%)","421,547 (0.3%, 0.00),20(0.5%)",
    5,"1,285,916 (0.3%, 0.00),77(0.6%)","243,344 (0.2%, 0.00),15(0.4%)",
    6,"759,957 (0.2%, 0.00),47(0.4%)","72,212 (<0.1%, 0.00),5(0.1%)",
DS1DS,,,<0.001
    1,"205,294,193 (47%, 0.01),5,625(44%)","80,058,054 (61%, 0.01),2,129(57%)",
    2,"231,446,938 (53%, 0.01),7,293(56%)","52,197,991 (39%, 0.01),1,611(43%)",
DS1DSCNT,"1.26(2.06, 0.04), 0.00 (0.00, 2.00)","1.61(2.05, 0.06), 1.00 (0.00, 2.00)",<0.001
DS1AN,,,0.4
    1,"21,993,497 (5.0%, 0.00),588(4.5%)","7,178,317 (5.4%, 0.00),185(4.9%)",
    2,"415,221,230 (95%, 0.00),12,357(95%)","125,166,223 (95%, 0.00),3,561(95%)",
DS1ANCNT,,,0.072
    0,"415,313,335 (95%, 0.00),12,359(95%)","125,166,223 (95%, 0.00),3,561(95%)",
    1,"20,967,238 (4.8%, 0.00),571(4.4%)","7,091,352 (5.4%, 0.00),181(4.8%)",
    2,"1,026,259 (0.2%, 0.00),17(0.1%)","86,965 (<0.1%, 0.00),4(0.1%)",
DR2DRSTZ,,,<0.001
    1,"383,786,611 (83%, 0.01),11,232(81%)","122,851,975 (89%, 0.01),3,431(86%)",
    2,"1,283,079 (0.3%, 0.00),57(0.4%)","501,794 (0.4%, 0.00),18(0.5%)",
    5,"77,733,418 (17%, 0.01),2,581(19%)","15,139,461 (11%, 0.01),530(13%)",
DRDINT.y,,,<0.001
    1,"53,698,230 (12%, 0.01),1,722(13%)","9,492,565 (7.2%, 0.01),315(8.4%)",
    2,"383,786,611 (88%, 0.01),11,232(87%)","122,851,975 (93%, 0.01),3,431(92%)",
BMXWT,"85(22, 0), 82 (69, 97)","89(22, 1), 87 (74, 102)",<0.001
BMXHT,"169(10, 0), 169 (161, 176)","168(10, 0), 168 (161, 175)",0.048
BMXBMI,"30(7, 0), 29 (25, 33)","32(7, 0), 31 (27, 36)",<0.001
BMXLEG,"39.3(4.0, 0.1), 39.3 (36.5, 42.0)","38.4(4.1, 0.1), 38.5 (35.7, 41.2)",<0.001
BMXARML,"37.86(2.79, 0.04), 37.90 (35.90, 39.90)","37.98(2.82, 0.09), 38.00 (36.00, 40.00)",0.2
BMXARMC,"33.7(5.1, 0.1), 33.5 (30.1, 36.7)","34.8(5.2, 0.1), 34.4 (31.4, 38.1)",<0.001
BMXWAIST,"102(16, 0), 101 (91, 111)","107(16, 0), 107 (97, 117)",<0.001
BPAARM,,,0.4
    1,"811,880,697 (99%, 0.00),21,012(99%)","201,032,509 (99%, 0.00),5,179(99%)",
    2,"8,674,493 (1.1%, 0.00),203(1.0%)","2,526,560 (1.2%, 0.00),63(1.2%)",
    8,"0 (0%, 0.00),0(0%)","13,317 (<0.1%, 0.00),1(<0.1%)",
BPACSZ,,,<0.001
    1,"57,766 (<0.1%, 0.00),2(<0.1%)","0 (0%, 0.00),0(0%)",
    2,"3,296,743 (0.4%, 0.00),109(0.5%)","582,279 (0.3%, 0.00),13(0.2%)",
    3,"182,065,538 (22%, 0.01),5,138(24%)","30,041,532 (15%, 0.01),880(17%)",
    4,"478,740,702 (58%, 0.01),12,201(58%)","115,791,588 (57%, 0.02),2,998(57%)",
    5,"156,394,441 (19%, 0.01),3,765(18%)","57,143,671 (28%, 0.01),1,351(26%)",
BPXPLS,"73(13, 0), 72 (64, 80)","72(12, 0), 70 (62, 78)",<0.001
BPXPULS,,,0.6
    1,"783,036,380 (95%, 0.00),20,020(94%)","193,374,035 (95%, 0.01),4,942(94%)",
    2,"37,518,810 (4.6%, 0.00),1,195(5.6%)","10,147,025 (5.0%, 0.01),300(5.7%)",
BPXPTY,,,0.004
    1,"819,674,727 (100%, 0.00),21,185(100%)","202,874,344 (100%, 0.00),5,229(100%)",
    2,"880,463 (0.1%, 0.00),30(0.1%)","646,717 (0.3%, 0.00),13(0.2%)",
BPXML1,"167(19, 0), 160 (150, 180)","145(11, 0), 150 (140, 150)",<0.001
BPXSY1,"141(18, 0), 138 (130, 148)","117(10, 0), 118 (110, 124)",<0.001
BPXDI1,"78(13, 0), 80 (72, 86)","66(11, 0), 68 (60, 74)",<0.001
BPAEN1,,,0.14
    1,"1,196,822 (0.1%, 0.00),27(0.1%)","211,621 (0.1%, 0.00),9(0.2%)",
    2,"814,718,844 (100%, 0.00),21,077(100%)","202,976,480 (100%, 0.00),5,223(100%)",
BPXSY2,"139(17, 0), 136 (128, 148)","115(10, 0), 116 (110, 124)",<0.001
BPXDI2,"78(13, 0), 80 (72, 86)","66(11, 0), 68 (60, 74)",<0.001
BPAEN2,,,0.5
    1,"15,099,884 (1.8%, 0.00),376(1.8%)","3,151,824 (1.6%, 0.00),89(1.7%)",
    2,"804,486,203 (98%, 0.00),20,822(98%)","200,113,782 (98%, 0.00),5,148(98%)",
BPXSY3,"138(16, 0), 136 (128, 146)","115(10, 0), 116 (108, 122)",<0.001
BPXDI3,"77(14, 0), 80 (70, 86)","65(11, 0), 66 (60, 72)",<0.001
BPAEN3,,,0.3
    1,"15,843,670 (1.9%, 0.00),383(1.8%)","3,194,190 (1.6%, 0.00),88(1.7%)",
    2,"803,228,243 (98%, 0.00),20,794(98%)","199,936,117 (98%, 0.00),5,149(98%)",
LBXWBCSI,"7.35(2.32, 0.03), 7.10 (5.90, 8.40)","7.45(4.80, 0.07), 7.10 (5.90, 8.60)",0.6
LBXLYPCT,"30(8, 0), 29 (24, 35)","29(8, 0), 28 (23, 34)",<0.001
LBXMOPCT,"8.13(2.28, 0.03), 7.90 (6.60, 9.40)","8.36(3.11, 0.09), 8.00 (6.70, 9.60)",0.017
LBXNEPCT,"59(9, 0), 59 (53, 65)","59(10, 0), 60 (54, 66)",0.003
LBXEOPCT,"2.87(1.98, 0.03), 2.40 (1.60, 3.60)","3.06(2.08, 0.06), 2.50 (1.70, 3.80)",0.001
LBXBAPCT,"0.73(0.46, 0.01), 0.60 (0.40, 0.90)","0.76(0.46, 0.01), 0.70 (0.50, 0.90)",0.003
LBDLYMNO,"2.14(1.22, 0.01), 2.00 (1.60, 2.50)","2.12(3.93, 0.04), 2.00 (1.60, 2.40)",<0.001
LBDMONO,"0.58(0.21, 0.00), 0.60 (0.40, 0.70)","0.60(0.25, 0.01), 0.60 (0.50, 0.70)",0.018
LBDNENO,"4.38(1.64, 0.03), 4.10 (3.20, 5.20)","4.46(1.84, 0.04), 4.20 (3.30, 5.30)",0.13
LBDEONO,"0.21(0.16, 0.00), 0.20 (0.10, 0.30)","0.22(0.18, 0.00), 0.20 (0.10, 0.30)",<0.001
LBDBANO,"0.05(0.06, 0.00), 0.00 (0.00, 0.10)","0.05(0.07, 0.00), 0.00 (0.00, 0.10)",<0.001
LBXRBCSI,"4.73(0.50, 0.01), 4.73 (4.39, 5.07)","4.58(0.49, 0.01), 4.59 (4.27, 4.91)",<0.001
LBXHGB,"14.38(1.50, 0.03), 14.50 (13.40, 15.40)","14.01(1.47, 0.04), 14.00 (13.10, 15.00)",<0.001
LBXHCT,"42.3(4.2, 0.1), 42.5 (39.6, 45.3)","41.2(4.1, 0.1), 41.3 (38.4, 43.9)",<0.001
LBXMCVSI,"89.8(5.6, 0.1), 90.1 (86.8, 93.2)","90.3(5.3, 0.1), 90.4 (87.2, 93.3)",0.018
LBXMCHSI,"30.49(2.26, 0.05), 30.70 (29.40, 31.80)","30.66(2.14, 0.07), 30.70 (29.50, 32.00)",0.038
LBXMC,"33.96(0.99, 0.04), 34.00 (33.30, 34.60)","33.95(1.00, 0.05), 34.00 (33.30, 34.60)",0.7
LBXRDW,"13.23(1.26, 0.02), 13.00 (12.40, 13.70)","13.40(1.35, 0.04), 13.20 (12.50, 13.90)",<0.001
LBXPLTSI,"252(68, 1), 246 (207, 288)","246(71, 2), 237 (200, 284)",<0.001
LBXMPSI,"8.15(0.92, 0.02), 8.10 (7.50, 8.70)","8.20(0.96, 0.03), 8.10 (7.60, 8.80)",0.045
LBDTCSI,"5.23(1.12, 0.02), 5.15 (4.47, 5.90)","4.83(1.09, 0.03), 4.78 (4.03, 5.48)",<0.001
LBDHDD,"53(17, 0), 50 (41, 62)","51(16, 0), 49 (40, 60)",<0.001
LBXGH,"5.76(1.01, 0.01), 5.50 (5.30, 5.90)","6.01(1.14, 0.03), 5.70 (5.40, 6.20)",<0.001
LBXHA,,,0.5
    1,"206,498,723 (36%, 0.01),7,822(49%)","56,812,702 (34%, 0.01),2,159(48%)",
    2,"365,847,568 (64%, 0.01),8,007(51%)","107,957,604 (65%, 0.01),2,316(52%)",
    3,"600,109 (0.1%, 0.00),14(<0.1%)","199,806 (0.1%, 0.00),3(<0.1%)",
URXUMA,"54(367, 3), 9 (4, 19)","38(235, 5), 8 (4, 17)",0.081
URXUCR,"115(76, 1), 101 (56, 157)","116(74, 2), 103 (61, 158)",0.2
DBQ330,,,0.066
    1,"25,807,986 (7.1%, 0.01),944(7.4%)","7,008,213 (5.6%, 0.01),266(6.6%)",
    2,"338,760,358 (93%, 0.01),11,819(93%)","118,718,503 (94%, 0.01),3,738(93%)",
    7,"36,870 (<0.1%, 0.00),2(<0.1%)","0 (0%, 0.00),0(0%)",
    9,"7,638 (<0.1%, 0.00),1(<0.1%)","0 (0%, 0.00),0(0%)",
ALQ130,"3.49(29.53, 0.41), 2.00 (1.00, 3.00)","3.55(37.81, 0.62), 1.00 (1.00, 2.00)",<0.001
BPQ020,,,<0.001
    1,"443,295,299 (49%, 0.01),12,923(53%)","226,083,031 (99%, 0.00),6,110(100%)",
    2,"458,865,788 (51%, 0.01),11,626(47%)","1,527,266 (0.7%, 0.00),27(0.4%)",
BPQ030,,,<0.001
    1,"368,247,818 (83%, 0.01),10,722(83%)","199,393,241 (88%, 0.01),5,274(86%)",
    2,"73,701,087 (17%, 0.01),2,149(17%)","26,073,287 (12%, 0.01),812(13%)",
    7,"14,666 (<0.1%, 0.00),1(<0.1%)","0 (0%, 0.00),0(0%)",
    9,"1,331,729 (0.3%, 0.00),51(0.4%)","616,503 (0.3%, 0.00),24(0.4%)",
BPQ040A,,,<0.001
    1,"373,659,633 (84%, 0.01),11,296(87%)","225,946,590 (100%, 0.00),6,107(100%)",
    2,"69,635,666 (16%, 0.01),1,627(13%)","136,441 (<0.1%, 0.00),3(<0.1%)",
BPQ060,,,<0.001
    1,"620,162,574 (81%, 0.01),15,991(79%)","156,410,186 (94%, 0.01),4,136(93%)",
    2,"127,246,826 (17%, 0.01),3,716(18%)","5,848,089 (3.5%, 0.00),203(4.6%)",
    7,"28,293 (<0.1%, 0.00),2(<0.1%)","0 (0%, 0.00),0(0%)",
    9,"18,314,505 (2.4%, 0.00),591(2.9%)","3,438,260 (2.1%, 0.01),96(2.2%)",
BPQ070,,,<0.001
    1,"496,095,711 (66%, 0.01),13,602(68%)","180,651,868 (83%, 0.01),4,831(83%)",
    2,"119,068,348 (16%, 0.01),3,145(16%)","22,485,804 (10%, 0.01),644(11%)",
    3,"88,066,440 (12%, 0.01),2,082(10%)","9,567,603 (4.4%, 0.01),217(3.7%)",
    4,"45,723,703 (6.1%, 0.00),1,018(5.1%)","5,099,148 (2.3%, 0.00),119(2.0%)",
    9,"2,828,441 (0.4%, 0.00),116(0.6%)","436,343 (0.2%, 0.00),22(0.4%)",
BPQ080,,,<0.001
    1,"359,513,498 (45%, 0.01),9,895(46%)","131,607,422 (59%, 0.01),3,584(60%)",
    2,"436,460,321 (54%, 0.01),11,504(53%)","87,902,734 (40%, 0.01),2,300(39%)",
    7,"16,311 (<0.1%, 0.00),1(<0.1%)","0 (0%, 0.00),0(0%)",
    9,"6,039,946 (0.8%, 0.00),185(0.9%)","1,965,427 (0.9%, 0.00),58(1.0%)",
BPQ090D,,,<0.001
    1,"241,605,468 (49%, 0.01),7,146(52%)","114,596,178 (70%, 0.01),3,182(72%)",
    2,"252,577,301 (51%, 0.01),6,608(48%)","48,375,442 (30%, 0.01),1,252(28%)",
    9,"569,826 (0.1%, 0.00),25(0.2%)","421,105 (0.3%, 0.00),15(0.3%)",
CDQ010,,,<0.001
    1,"273,782,585 (37%, 0.01),7,615(37%)","103,064,427 (48%, 0.01),2,814(48%)",
    2,"469,376,655 (63%, 0.01),13,114(63%)","111,058,410 (52%, 0.01),3,024(52%)",
    7,"0 (0%, 0.00),0(0%)","20,984 (<0.1%, 0.00),1(<0.1%)",
    9,"737,351 (<0.1%, 0.00),38(0.2%)","1,142,194 (0.5%, 0.00),25(0.4%)",
HSQ590,,,0.1
    1,"259,060,161 (30%, 0.01),6,848(30%)","62,371,606 (28%, 0.01),1,740(30%)",
    2,"570,011,346 (67%, 0.01),15,671(68%)","149,793,826 (68%, 0.01),3,952(67%)",
    7,"21,176 (<0.1%, 0.00),1(<0.1%)","0 (0%, 0.00),0(0%)",
    9,"23,805,082 (2.8%, 0.00),586(2.5%)","8,241,538 (3.7%, 0.01),193(3.3%)",
DIQ010,,,<0.001
    1,"106,721,281 (12%, 0.00),3,827(16%)","54,820,849 (24%, 0.01),1,711(28%)",
    2,"773,236,988 (86%, 0.00),20,029(82%)","164,699,819 (72%, 0.01),4,197(68%)",
    3,"21,914,013 (2.4%, 0.00),684(2.8%)","8,089,630 (3.6%, 0.00),229(3.7%)",
    9,"288,805 (<0.1%, 0.00),9(<0.1%)","0 (0%, 0.00),0(0%)",
DIQ050,,,<0.001
    1,"26,316,049 (3.2%, 0.00),1,004(4.6%)","15,676,661 (7.4%, 0.01),509(9.2%)",
    2,"807,721,649 (97%, 0.00),20,871(95%)","194,827,026 (93%, 0.01),5,025(91%)",
    9,"56,339 (<0.1%, 0.00),2(<0.1%)","12,547 (<0.1%, 0.00),1(<0.1%)",
HIQ210,,,0.006
    1,"35,743,472 (4.6%, 0.00),1,027(4.9%)","7,071,362 (3.3%, 0.00),231(4.0%)",
    2,"746,767,076 (95%, 0.00),19,769(95%)","207,165,144 (97%, 0.00),5,477(96%)",
    7,"0 (0%, 0.00),0(0%)","21,266 (<0.1%, 0.00),1(<0.1%)",
    9,"131,720 (<0.1%, 0.00),10(<0.1%)","165,440 (<0.1%, 0.00),2(<0.1%)",
HUQ010,,,<0.001
    1,"128,365,004 (14%, 0.00),2,983(12%)","17,040,696 (7.5%, 0.01),364(5.9%)",
    2,"275,935,223 (31%, 0.01),6,193(25%)","56,407,412 (25%, 0.01),1,235(20%)",
    3,"314,523,748 (35%, 0.01),8,831(36%)","86,387,317 (38%, 0.01),2,265(37%)",
    4,"148,329,470 (16%, 0.00),5,268(21%)","51,187,219 (22%, 0.01),1,725(28%)",
    5,"34,615,801 (3.8%, 0.00),1,260(5.1%)","16,582,502 (7.3%, 0.01),547(8.9%)",
    7,"168,243 (<0.1%, 0.00),6(<0.1%)","0 (0%, 0.00),0(0%)",
    9,"223,597 (<0.1%, 0.00),8(<0.1%)","5,153 (<0.1%, 0.00),1(<0.1%)",
HUQ030,,,<0.001
    1,"795,229,758 (88%, 0.00),21,626(88%)","221,133,557 (97%, 0.00),5,976(97%)",
    2,"101,378,456 (11%, 0.00),2,764(11%)","4,653,795 (2.0%, 0.00),117(1.9%)",
    3,"5,522,751 (0.6%, 0.00),158(0.6%)","1,822,945 (0.8%, 0.00),44(0.7%)",
    7,"30,122 (<0.1%, 0.00),1(<0.1%)","0 (0%, 0.00),0(0%)",
HUQ090,,,0.11
    1,"70,443,582 (7.8%, 0.00),1,776(7.2%)","21,639,585 (9.5%, 0.01),593(9.7%)",
    2,"831,079,624 (92%, 0.00),22,752(93%)","205,633,959 (90%, 0.01),5,539(90%)",
    7,"181,004 (<0.1%, 0.00),3(<0.1%)","0 (0%, 0.00),0(0%)",
    9,"456,877 (<0.1%, 0.00),18(<0.1%)","336,753 (0.1%, 0.00),5(<0.1%)",
HOD050,"7.62(33.21, 0.41), 6.00 (5.00, 8.00)","8.25(41.06, 0.96), 6.00 (5.00, 8.00)",0.6
HOQ065,,,0.034
    1,"621,640,942 (76%, 0.01),14,910(71%)","160,365,008 (79%, 0.01),3,856(74%)",
    2,"177,517,668 (22%, 0.01),5,628(27%)","37,775,208 (19%, 0.01),1,229(24%)",
    3,"14,072,888 (1.7%, 0.00),466(2.2%)","4,435,899 (2.2%, 0.00),126(2.4%)",
    7,"303,126 (<0.1%, 0.00),13(<0.1%)","31,177 (<0.1%, 0.00),2(<0.1%)",
    9,"164,449 (<0.1%, 0.00),7(<0.1%)","55,415 (<0.1%, 0.00),2(<0.1%)",
IMQ020,,,0.4
    1,"175,691,883 (19%, 0.01),4,293(17%)","44,124,956 (19%, 0.01),1,036(17%)",
    2,"21,930,532 (2.4%, 0.00),607(2.5%)","5,303,263 (2.3%, 0.00),138(2.2%)",
    3,"631,689,231 (70%, 0.01),17,466(71%)","162,632,029 (71%, 0.01),4,441(72%)",
    7,"302,286 (<0.1%, 0.00),7(<0.1%)","0 (0%, 0.00),0(0%)",
    9,"72,547,155 (8.0%, 0.00),2,176(8.9%)","15,550,049 (6.8%, 0.01),522(8.5%)",
MCQ010,,,0.055
    1,"119,189,605 (13%, 0.00),3,190(13%)","35,463,933 (16%, 0.01),990(16%)",
    2,"781,908,437 (87%, 0.00),21,331(87%)","191,795,602 (84%, 0.01),5,142(84%)",
    9,"1,063,045 (0.1%, 0.00),28(0.1%)","350,762 (0.2%, 0.00),5(<0.1%)",
MCQ053,,,<0.001
    1,"29,997,132 (3.3%, 0.00),1,040(4.2%)","13,102,118 (5.8%, 0.01),404(6.6%)",
    2,"871,681,989 (97%, 0.00),23,483(96%)","214,427,944 (94%, 0.01),5,727(93%)",
    9,"481,966 (<0.1%, 0.00),26(0.1%)","80,235 (<0.1%, 0.00),6(<0.1%)",
MCQ080,,,<0.001
    1,"253,886,355 (42%, 0.01),6,746(39%)","97,817,021 (56%, 0.01),2,600(54%)",
    2,"354,023,882 (58%, 0.01),10,368(61%)","75,407,860 (44%, 0.01),2,181(46%)",
    9,"348,053 (<0.1%, 0.00),11(<0.1%)","54,927 (<0.1%, 0.00),5(0.1%)",
MCQ092,,,0.001
    1,"141,361,673 (16%, 0.00),4,227(17%)","46,094,380 (20%, 0.01),1,312(21%)",
    2,"743,364,072 (82%, 0.01),19,853(81%)","177,012,990 (78%, 0.01),4,703(77%)",
    7,"22,773 (<0.1%, 0.00),1(<0.1%)","14,514 (<0.1%, 0.00),1(<0.1%)",
    9,"17,412,569 (1.9%, 0.00),468(1.9%)","4,488,414 (2.0%, 0.00),121(2.0%)",
MCQ160A,,,<0.001
    1,"301,784,448 (34%, 0.01),8,757(36%)","117,819,662 (52%, 0.01),3,254(53%)",
    2,"592,256,202 (66%, 0.01),15,387(64%)","109,297,731 (48%, 0.01),2,866(47%)",
    9,"2,031,997 (0.2%, 0.00),63(0.3%)","392,500 (0.2%, 0.00),11(0.2%)",
MCQ160B,,,<0.001
    1,"29,444,426 (3.3%, 0.00),1,065(4.4%)","16,891,527 (7.4%, 0.01),568(9.3%)",
    2,"864,801,067 (97%, 0.00),23,049(95%)","209,631,760 (92%, 0.01),5,533(90%)",
    7,"16,311 (<0.1%, 0.00),1(<0.1%)","0 (0%, 0.00),0(0%)",
    9,"1,810,843 (0.2%, 0.00),92(0.4%)","986,606 (0.4%, 0.00),30(0.5%)",
MCQ160C,,,<0.001
    1,"43,457,730 (4.8%, 0.00),1,418(5.9%)","25,923,849 (11%, 0.01),742(12%)",
    2,"848,201,357 (95%, 0.00),22,628(93%)","200,633,328 (88%, 0.01),5,336(87%)",
    7,"16,311 (<0.1%, 0.00),1(<0.1%)","10,432 (<0.1%, 0.00),1(<0.1%)",
    9,"4,397,248 (0.5%, 0.00),160(0.7%)","942,285 (0.4%, 0.00),52(0.8%)",
MCQ160D,,,<0.001
    1,"31,763,125 (3.5%, 0.00),1,014(4.2%)","15,783,869 (6.9%, 0.01),481(7.8%)",
    2,"861,612,199 (96%, 0.00),23,088(95%)","210,703,104 (93%, 0.01),5,614(92%)",
    7,"14,666 (<0.1%, 0.00),1(<0.1%)","0 (0%, 0.00),0(0%)",
    9,"2,682,658 (0.3%, 0.00),104(0.4%)","1,022,920 (0.4%, 0.00),36(0.6%)",
MCQ160E,,,<0.001
    1,"41,355,731 (4.6%, 0.00),1,411(5.8%)","21,852,910 (9.6%, 0.01),690(11%)",
    2,"853,672,524 (95%, 0.00),22,755(94%)","205,121,368 (90%, 0.01),5,425(88%)",
    7,"0 (0%, 0.00),0(0%)","98,712 (<0.1%, 0.00),2(<0.1%)",
    9,"1,044,392 (0.1%, 0.00),41(0.2%)","436,903 (0.2%, 0.00),14(0.2%)",
MCQ160F,,,<0.001
    1,"37,674,374 (4.2%, 0.00),1,352(5.6%)","16,100,873 (7.1%, 0.00),553(9.0%)",
    2,"856,759,989 (96%, 0.00),22,808(94%)","211,190,931 (93%, 0.00),5,564(91%)",
    9,"1,638,285 (0.2%, 0.00),47(0.2%)","218,089 (<0.1%, 0.00),14(0.2%)",
MCQ160L,,,0.1
    1,"41,371,743 (4.6%, 0.00),1,076(4.4%)","13,310,611 (5.9%, 0.01),381(6.2%)",
    2,"853,133,293 (95%, 0.00),23,073(95%)","213,525,883 (94%, 0.01),5,729(93%)",
    9,"1,567,610 (0.2%, 0.00),58(0.2%)","673,399 (0.3%, 0.00),21(0.3%)",
MCQ220,,,<0.001
    1,"122,261,816 (14%, 0.00),3,296(14%)","45,969,753 (20%, 0.01),1,154(19%)",
    2,"772,932,581 (86%, 0.00),20,887(86%)","181,121,089 (80%, 0.01),4,968(81%)",
    9,"878,251 (<0.1%, 0.00),24(<0.1%)","419,052 (0.2%, 0.00),9(0.1%)",
OSQ010A,,,0.3
    1,"9,770,670 (1.4%, 0.00),348(1.9%)","2,964,864 (1.7%, 0.00),89(1.8%)",
    2,"683,481,253 (99%, 0.00),18,387(98%)","171,964,088 (98%, 0.00),4,742(98%)",
    9,"308,684 (<0.1%, 0.00),13(<0.1%)","25,144 (<0.1%, 0.00),1(<0.1%)",
OSQ010B,,,0.6
    1,"82,145,014 (12%, 0.01),1,927(10%)","19,357,408 (11%, 0.01),514(11%)",
    2,"611,210,753 (88%, 0.01),16,815(90%)","155,556,470 (89%, 0.01),4,316(89%)",
    7,"14,160 (<0.1%, 0.00),1(<0.1%)","0 (0%, 0.00),0(0%)",
    9,"190,679 (<0.1%, 0.00),5(<0.1%)","40,217 (<0.1%, 0.00),2(<0.1%)",
OSQ010C,,,0.13
    1,"20,549,758 (3.0%, 0.00),523(2.8%)","5,479,562 (3.1%, 0.00),165(3.4%)",
    2,"671,409,575 (97%, 0.00),18,183(97%)","167,899,429 (96%, 0.01),4,642(96%)",
    7,"14,160 (<0.1%, 0.00),1(<0.1%)","0 (0%, 0.00),0(0%)",
    9,"1,587,113 (0.2%, 0.00),41(0.2%)","1,575,104 (0.9%, 0.01),25(0.5%)",
OSQ060,,,0.068
    1,"66,551,105 (9.6%, 0.01),1,989(11%)","21,597,232 (12%, 0.01),617(13%)",
    2,"624,422,307 (90%, 0.01),16,674(89%)","151,702,291 (87%, 0.01),4,181(87%)",
    7,"14,160 (<0.1%, 0.00),1(<0.1%)","0 (0%, 0.00),0(0%)",
    9,"2,573,034 (0.4%, 0.00),84(0.4%)","1,654,572 (0.9%, 0.01),34(0.7%)",
PFQ059,,,0.002
    1,"34,899,013 (5.7%, 0.00),795(5.4%)","10,839,847 (9.1%, 0.01),214(7.5%)",
    2,"573,855,740 (94%, 0.00),13,893(95%)","108,903,031 (91%, 0.01),2,652(93%)",
    9,"295,289 (<0.1%, 0.00),5(<0.1%)","14,615 (<0.1%, 0.00),1(<0.1%)",
PFQ090,,,<0.001
    1,"79,005,060 (9.7%, 0.00),2,642(13%)","36,135,636 (18%, 0.01),1,132(22%)",
    2,"735,594,141 (90%, 0.00),18,249(87%)","167,323,961 (82%, 0.01),4,105(78%)",
    9,"212,804 (<0.1%, 0.00),4(<0.1%)","16,957 (<0.1%, 0.00),1(<0.1%)",
SMQ020,,,0.015
    1,"437,420,493 (49%, 0.01),11,739(48%)","119,986,663 (53%, 0.02),3,191(52%)",
    2,"459,432,372 (51%, 0.01),12,513(52%)","107,535,404 (47%, 0.02),2,941(48%)",
    7,"138,988 (<0.1%, 0.00),5(<0.1%)","0 (0%, 0.00),0(0%)",
    9,"373,267 (<0.1%, 0.00),14(<0.1%)","13,280 (<0.1%, 0.00),1(<0.1%)",
WHD010,"120.0(722.6, 5.4), 67.0 (64.0, 70.0)","95.8(536.2, 5.7), 67.0 (64.0, 70.0)",0.065
WHD020,"255(816, 7), 180 (152, 212)","217(454, 6), 190 (164, 225)",<0.001
WHQ030,,,<0.001
    1,"560,176,628 (62%, 0.01),13,823(56%)","165,857,852 (73%, 0.01),4,064(66%)",
    2,"35,605,820 (3.9%, 0.00),1,229(5.0%)","5,211,939 (2.3%, 0.00),199(3.2%)",
    3,"304,911,688 (34%, 0.01),9,444(38%)","56,248,892 (25%, 0.01),1,863(30%)",
    7,"244,264 (<0.1%, 0.00),4(<0.1%)","0 (0%, 0.00),0(0%)",
    9,"907,397 (0.1%, 0.00),39(0.2%)","123,731 (<0.1%, 0.00),6(<0.1%)",
WHD050,"278(936, 9), 180 (150, 215)","241(628, 8), 190 (165, 230)",<0.001
WHQ070,,,<0.001
    1,"300,216,116 (38%, 0.01),7,330(34%)","82,149,755 (45%, 0.01),2,099(42%)",
    2,"491,405,716 (62%, 0.01),14,286(66%)","99,166,201 (55%, 0.01),2,902(58%)",
    7,"17,001 (<0.1%, 0.00),1(<0.1%)","0 (0%, 0.00),0(0%)",
    9,"700,855 (<0.1%, 0.00),19(<0.1%)","33,740 (<0.1%, 0.00),3(<0.1%)",
WHD110,"326(1,211, 10), 170 (142, 200)","310(1,086, 16), 180 (154, 220)",<0.001
WHD120,"393(1,514, 15), 150 (125, 178)","381(1,466, 25), 150 (125, 180)",0.041
WHD130,"215.1(1,202.4, 12.7), 67.0 (64.0, 70.0)","201.8(1,147.4, 18.7), 67.0 (64.0, 71.0)",0.001
WHD140,"311(1,018, 9), 195 (165, 230)","295(868, 17), 211 (179, 250)",<0.001
DPQ010,,,0.063
    0,"436,390,587 (77%, 0.01),11,883(75%)","124,043,152 (75%, 0.01),3,261(72%)",
    1,"87,445,446 (15%, 0.00),2,464(16%)","26,717,784 (16%, 0.01),745(17%)",
    2,"21,735,525 (3.8%, 0.00),701(4.4%)","7,679,231 (4.6%, 0.00),260(5.8%)",
    3,"19,067,447 (3.4%, 0.00),660(4.2%)","6,791,967 (4.1%, 0.00),228(5.1%)",
    7,"226,896 (<0.1%, 0.00),10(<0.1%)","0 (0%, 0.00),0(0%)",
    9,"1,202,013 (0.2%, 0.00),44(0.3%)","148,249 (<0.1%, 0.00),7(0.2%)",
DPQ020,,,0.5
    0,"438,649,251 (77%, 0.01),12,007(76%)","126,112,790 (76%, 0.01),3,321(74%)",
    1,"91,323,980 (16%, 0.01),2,523(16%)","27,632,493 (17%, 0.01),774(17%)",
    2,"19,342,309 (3.4%, 0.00),650(4.1%)","6,227,039 (3.8%, 0.00),205(4.6%)",
    3,"16,233,445 (2.9%, 0.00),557(3.5%)","5,337,603 (3.2%, 0.00),198(4.4%)",
    7,"66,459 (<0.1%, 0.00),3(<0.1%)","28,693 (<0.1%, 0.00),1(<0.1%)",
    9,"410,487 (<0.1%, 0.00),19(0.1%)","20,298 (<0.1%, 0.00),1(<0.1%)",
DPQ030,,,0.1
    0,"351,191,982 (62%, 0.01),9,882(63%)","99,011,662 (60%, 0.01),2,675(59%)",
    1,"126,781,853 (22%, 0.00),3,327(21%)","38,314,208 (23%, 0.01),978(22%)",
    2,"40,253,846 (7.1%, 0.00),1,082(6.9%)","11,273,912 (6.8%, 0.01),334(7.4%)",
    3,"47,132,733 (8.3%, 0.00),1,446(9.2%)","16,681,795 (10%, 0.01),509(11%)",
    7,"83,412 (<0.1%, 0.00),4(<0.1%)","0 (0%, 0.00),0(0%)",
    9,"572,014 (0.1%, 0.00),17(0.1%)","48,647 (<0.1%, 0.00),3(<0.1%)",
DPQ040,,,0.003
    0,"287,830,273 (51%, 0.01),8,280(53%)","78,072,209 (47%, 0.01),2,115(47%)",
    1,"188,192,591 (33%, 0.01),4,840(31%)","55,260,966 (33%, 0.01),1,438(32%)",
    2,"43,940,564 (7.8%, 0.00),1,249(7.9%)","13,578,425 (8.2%, 0.01),373(8.3%)",
    3,"45,689,618 (8.1%, 0.00),1,372(8.7%)","18,247,998 (11%, 0.01),566(13%)",
    7,"64,960 (<0.1%, 0.00),3(<0.1%)","56,848 (<0.1%, 0.00),2(<0.1%)",
    9,"275,694 (<0.1%, 0.00),12(<0.1%)","113,778 (<0.1%, 0.00),5(0.1%)",
DPQ050,,,0.2
    0,"433,669,594 (77%, 0.01),12,016(76%)","124,792,998 (75%, 0.01),3,337(74%)",
    1,"82,141,574 (15%, 0.00),2,279(14%)","25,066,714 (15%, 0.01),681(15%)",
    2,"28,343,586 (5.0%, 0.00),753(4.8%)","7,659,866 (4.6%, 0.00),229(5.1%)",
    3,"21,471,153 (3.8%, 0.00),692(4.4%)","7,780,838 (4.7%, 0.00),250(5.6%)",
    7,"56,437 (<0.1%, 0.00),2(<0.1%)","0 (0%, 0.00),0(0%)",
    9,"311,356 (<0.1%, 0.00),14(<0.1%)","29,807 (<0.1%, 0.00),2(<0.1%)",
DPQ060,,,0.5
    0,"475,828,729 (84%, 0.01),13,232(84%)","138,126,101 (84%, 0.01),3,728(83%)",
    1,"62,815,352 (11%, 0.00),1,628(10%)","18,337,425 (11%, 0.01),480(11%)",
    2,"14,317,855 (2.5%, 0.00),454(2.9%)","4,075,351 (2.5%, 0.00),128(2.8%)",
    3,"12,311,803 (2.2%, 0.00),412(2.6%)","4,632,480 (2.8%, 0.00),154(3.4%)",
    7,"84,443 (<0.1%, 0.00),4(<0.1%)","0 (0%, 0.00),0(0%)",
    9,"629,354 (0.1%, 0.00),25(0.2%)","148,647 (<0.1%, 0.00),8(0.2%)",
DPQ070,,,0.6
    0,"476,704,163 (84%, 0.01),13,239(84%)","138,537,252 (84%, 0.01),3,715(83%)",
    1,"57,863,644 (10%, 0.00),1,570(10.0%)","16,943,625 (10%, 0.01),471(10%)",
    2,"15,478,348 (2.7%, 0.00),434(2.8%)","4,735,682 (2.9%, 0.00),143(3.2%)",
    3,"15,235,341 (2.7%, 0.00),489(3.1%)","5,047,637 (3.1%, 0.00),165(3.7%)",
    7,"66,600 (<0.1%, 0.00),3(<0.1%)","0 (0%, 0.00),0(0%)",
    9,"609,974 (0.1%, 0.00),19(0.1%)","55,808 (<0.1%, 0.00),4(<0.1%)",
DPQ080,,,0.2
    0,"513,157,321 (91%, 0.00),14,116(90%)","147,629,329 (89%, 0.01),3,948(88%)",
    1,"34,168,654 (6.0%, 0.00),997(6.3%)","11,175,147 (6.8%, 0.01),306(6.8%)",
    2,"10,147,728 (1.8%, 0.00),335(2.1%)","3,570,592 (2.2%, 0.00),119(2.6%)",
    3,"7,714,173 (1.4%, 0.00),275(1.7%)","2,861,722 (1.7%, 0.00),120(2.7%)",
    7,"76,144 (<0.1%, 0.00),3(<0.1%)","0 (0%, 0.00),0(0%)",
    9,"684,022 (0.1%, 0.00),27(0.2%)","83,213 (<0.1%, 0.00),5(0.1%)",
DPQ090,,,0.2
    0,"547,490,802 (97%, 0.00),15,150(96%)","159,480,468 (96%, 0.00),4,311(96%)",
    1,"12,703,521 (2.2%, 0.00),401(2.5%)","4,667,951 (2.8%, 0.00),135(3.0%)",
    2,"2,378,186 (0.4%, 0.00),79(0.5%)","552,408 (0.3%, 0.00),22(0.5%)",
    3,"2,895,231 (0.5%, 0.00),100(0.6%)","504,546 (0.3%, 0.00),24(0.5%)",
    7,"86,965 (<0.1%, 0.00),4(<0.1%)","23,599 (<0.1%, 0.00),1(<0.1%)",
    9,"350,023 (<0.1%, 0.00),17(0.1%)","91,033 (<0.1%, 0.00),5(0.1%)",
PUQ100,,,0.083
    1,"58,773,057 (10%, 0.00),1,870(12%)","18,028,223 (11%, 0.01),585(13%)",
    2,"509,533,091 (89%, 0.00),14,046(88%)","148,860,908 (89%, 0.01),3,980(87%)",
    9,"2,422,276 (0.4%, 0.00),69(0.4%)","251,062 (0.2%, 0.00),12(0.3%)",
PUQ110,,,0.5
    1,"51,775,897 (9.1%, 0.01),1,174(7.3%)","17,129,105 (10%, 0.01),392(8.6%)",
    2,"509,273,082 (89%, 0.01),14,562(91%)","147,027,187 (88%, 0.01),4,112(90%)",
    7,"8,588 (<0.1%, 0.00),1(<0.1%)","0 (0%, 0.00),0(0%)",
    9,"9,632,968 (1.7%, 0.00),246(1.5%)","2,983,900 (1.8%, 0.00),73(1.6%)",
SLQ050,,,<0.001
    1,"180,368,206 (30%, 0.01),4,712(28%)","73,369,242 (42%, 0.01),1,882(39%)",
    2,"426,030,796 (70%, 0.01),12,286(72%)","99,828,898 (58%, 0.01),2,899(61%)",
    7,"13,369 (<0.1%, 0.00),1(<0.1%)","0 (0%, 0.00),0(0%)",
    9,"85,945 (<0.1%, 0.00),6(<0.1%)","44,259 (<0.1%, 0.00),4(<0.1%)",
SMAQUEX,,,<0.001
    1,"3,028,848 (0.5%, 0.00),157(0.9%)","37,541 (<0.1%, 0.00),3(<0.1%)",
    2,"603,469,468 (100%, 0.00),16,848(99%)","173,204,858 (100%, 0.00),4,782(100%)",
INDFMMPC,,,0.052
    1,"107,767,671 (24%, 0.01),4,565(35%)","29,101,730 (22%, 0.01),1,202(31%)",
    2,"54,257,312 (12%, 0.00),1,955(15%)","17,135,688 (13%, 0.01),556(15%)",
    3,"272,264,222 (61%, 0.01),6,275(48%)","86,322,552 (64%, 0.01),1,971(52%)",
    7,"3,360,168 (0.8%, 0.00),98(0.7%)","819,175 (0.6%, 0.00),26(0.7%)",
    9,"6,174,771 (1.4%, 0.00),270(2.1%)","1,391,810 (1.0%, 0.00),68(1.8%)",
Year,,,0.005
    Post 2013,"239,855,366 (32%, 0.01),7,480(36%)","73,180,791 (36%, 0.02),2,114(38%)",
    Pre 2013,"514,481,368 (68%, 0.01),13,146(64%)","130,125,019 (64%, 0.02),3,407(62%)",
"1 Mean(SD, SE), Median (IQR); n (%, SE(%)),n (unweighted)(% (unweighted))",,,
2 Wilcoxon rank-sum test for complex survey samples; chi-squared test with Rao & Scott’s second-order correction,,,